{"cameraMode":{"drawMode":0,"name":"Shaded","section":"Shading Mode"},"sceneLighting":false,"audioPlay":false,"sceneViewState":{"m_AlwaysRefresh":false,"showFog":true,"showSkybox":false,"showFlares":true,"showImageEffects":true,"showParticleSystems":true,"showVisualEffectGraphs":true,"m_FxEnabled":true},"in2DMode":false,"pivot":{"x":-42.46241760253906,"y":125.78369140625,"z":-164.65341186523438},"rotation":{"x":0.050907641649246219,"y":-0.05240696296095848,"z":0.0026752138510346414,"w":0.9973245859146118},"size":216.9051971435547,"orthographic":true}